{"assets/black-lite-standing-front-flashing.webp":["assets/black-lite-standing-front-flashing.webp"],"assets/black-lite-standing-front.webp":["assets/black-lite-standing-front.webp"],"assets/black-ultra-standing-front-flashing.webp":["assets/black-ultra-standing-front-flashing.webp"],"assets/black-ultra-standing-front.webp":["assets/black-ultra-standing-front.webp"],"assets/fonts/RobotoMono-Regular.ttf":["assets/fonts/RobotoMono-Regular.ttf"],"assets/licenses/BSD-3-Clause.md":["assets/licenses/BSD-3-Clause.md"],"assets/licenses/GPL3.md":["assets/licenses/GPL3.md"],"assets/licenses/LGPL3.md":["assets/licenses/LGPL3.md"],"assets/licenses/MIT.md":["assets/licenses/MIT.md"],"assets/logo.png":["assets/logo.png"],"packages/wakelock_plus/assets/no_sleep.js":["packages/wakelock_plus/assets/no_sleep.js"]}